{
  "coverage": {
    "all": {
      "compile_rate": 1.0,
      "compiled": 6,
      "total": 6
    },
    "cross_event": {
      "compile_rate": 1.0,
      "compiled": 3,
      "total": 3
    },
    "per_event": {
      "compile_rate": 1.0,
      "compiled": 3,
      "total": 3
    }
  },
  "retry": {
    "failure_reasons": {},
    "mean_attempts_all": 1.0,
    "mean_attempts_compiled": 1.0,
    "retry_rate": 0.0,
    "total_with_retry": 0
  },
  "rule_complexity": {
    "cross_event": {
      "attempts": {
        "max": 1.0,
        "mean": 1.0,
        "min": 1.0,
        "n": 3,
        "p50": 1.0,
        "p90": 1.0,
        "p95": 1.0
      },
      "binary_size": {
        "max": 63496.0,
        "mean": 63496.0,
        "min": 63496.0,
        "n": 3,
        "p50": 63496.0,
        "p90": 63496.0,
        "p95": 63496.0
      },
      "dsl_tokens": {
        "max": 195.0,
        "mean": 178.33333333333334,
        "min": 154.0,
        "n": 3,
        "p50": 186.0,
        "p90": 193.2,
        "p95": 194.1
      }
    },
    "per_event": {
      "attempts": {
        "max": 1.0,
        "mean": 1.0,
        "min": 1.0,
        "n": 3,
        "p50": 1.0,
        "p90": 1.0,
        "p95": 1.0
      },
      "binary_size": {
        "max": 63496.0,
        "mean": 63496.0,
        "min": 63496.0,
        "n": 3,
        "p50": 63496.0,
        "p90": 63496.0,
        "p95": 63496.0
      },
      "dsl_tokens": {
        "max": 164.0,
        "mean": 134.33333333333334,
        "min": 112.0,
        "n": 3,
        "p50": 127.0,
        "p90": 156.60000000000002,
        "p95": 160.3
      }
    }
  },
  "run_dir": "docs/eval_runs/rq1-expressiveness/pilot-subagents",
  "token_cost": {
    "compression_ratio_dsl_over_nl": {
      "max": 16.4,
      "mean": 5.674866189667796,
      "min": 1.9175257731958764,
      "n": 6,
      "p50": 2.5245478036175713,
      "p90": 12.433333333333334,
      "p95": 14.416666666666666
    },
    "dsl_tokens_compiled": {
      "max": 195.0,
      "mean": 156.33333333333334,
      "min": 112.0,
      "n": 6,
      "p50": 159.0,
      "p90": 190.5,
      "p95": 192.75
    },
    "nl_tokens": {
      "max": 97.0,
      "mean": 52.666666666666664,
      "min": 10.0,
      "n": 6,
      "p50": 53.0,
      "p90": 92.5,
      "p95": 94.75
    },
    "translator_total_tokens": {
      "max": null,
      "mean": null,
      "min": null,
      "n": 0,
      "p50": null,
      "p90": null,
      "p95": null
    }
  },
  "tokenizer": "tiktoken:cl100k_base"
}
