{
  "agent_trace": {
    "ap-100": {
      "ci95_high": 1.0415094339622641,
      "ci95_low": 1.0377358490566038,
      "median_elapsed_s": 2.75,
      "normalized": 1.0377358490566038,
      "overhead_pct": 3.7735849056603765,
      "repeats": 3
    },
    "ap-32": {
      "ci95_high": 1.0188679245283019,
      "ci95_low": 1.0150943396226415,
      "median_elapsed_s": 2.7,
      "normalized": 1.0188679245283019,
      "overhead_pct": 1.8867924528301883,
      "repeats": 3
    },
    "baseline": {
      "ci95_high": 1.0037735849056604,
      "ci95_low": 0.9962264150943397,
      "median_elapsed_s": 2.65,
      "normalized": 1.0,
      "overhead_pct": 0.0,
      "repeats": 3
    }
  },
  "linux_build": {
    "ap-100": {
      "ci95_high": 1.2421992954202312,
      "ci95_low": 1.0830397584297935,
      "median_elapsed_s": 86.18,
      "normalized": 1.084297936587821,
      "overhead_pct": 8.429793658782092,
      "repeats": 3
    },
    "ap-32": {
      "ci95_high": 1.126950176144942,
      "ci95_low": 1.0444136889783593,
      "median_elapsed_s": 84.65,
      "normalized": 1.065047810770005,
      "overhead_pct": 6.504781077000499,
      "repeats": 3
    },
    "baseline": {
      "ci95_high": 1.0149723200805234,
      "ci95_low": 0.9864116758933065,
      "median_elapsed_s": 79.48,
      "normalized": 1.0,
      "overhead_pct": 0.0,
      "repeats": 3
    }
  },
  "micro": {
    "connect": {
      "ap100_overhead_pct": 281.0546875,
      "ap100_overhead_us": 2.878,
      "ap100_p99_us": 3.902,
      "baseline_p99_us": 1.024
    },
    "exec": {
      "ap100_overhead_pct": -9.901186569604858,
      "ap100_overhead_us": -53.888,
      "ap100_p99_us": 490.37,
      "baseline_p99_us": 544.258
    },
    "fork": {
      "ap100_overhead_pct": 14.839329836717052,
      "ap100_overhead_us": 23.002,
      "ap100_p99_us": 178.009,
      "baseline_p99_us": 155.007
    },
    "open": {
      "ap100_overhead_pct": 2199.7005988023952,
      "ap100_overhead_us": 14.694,
      "ap100_p99_us": 15.362,
      "baseline_p99_us": 0.668
    },
    "write": {
      "ap100_overhead_pct": 411.61290322580646,
      "ap100_overhead_us": 1.276,
      "ap100_p99_us": 1.586,
      "baseline_p99_us": 0.31
    }
  }
}
