{
  "coverage": {
    "all": {
      "compile_rate": 1.0,
      "compiled": 1,
      "total": 1
    },
    "per_event": {
      "compile_rate": 1.0,
      "compiled": 1,
      "total": 1
    }
  },
  "retry": {
    "failure_reasons": {},
    "mean_attempts_all": 1.0,
    "mean_attempts_compiled": 1.0,
    "retry_rate": 0.0,
    "total_with_retry": 0
  },
  "rule_complexity": {
    "per_event": {
      "attempts": {
        "max": 1.0,
        "mean": 1.0,
        "min": 1.0,
        "n": 1,
        "p50": 1.0,
        "p90": 1.0,
        "p95": 1.0
      },
      "binary_size": {
        "max": 63496.0,
        "mean": 63496.0,
        "min": 63496.0,
        "n": 1,
        "p50": 63496.0,
        "p90": 63496.0,
        "p95": 63496.0
      },
      "dsl_tokens": {
        "max": 233.0,
        "mean": 233.0,
        "min": 233.0,
        "n": 1,
        "p50": 233.0,
        "p90": 233.0,
        "p95": 233.0
      }
    }
  },
  "run_dir": "docs/eval_runs/rq1-expressiveness/codex-smoke-1",
  "token_cost": {
    "compression_ratio_dsl_over_nl": {
      "max": 17.923076923076923,
      "mean": 17.923076923076923,
      "min": 17.923076923076923,
      "n": 1,
      "p50": 17.923076923076923,
      "p90": 17.923076923076923,
      "p95": 17.923076923076923
    },
    "dsl_tokens_compiled": {
      "max": 233.0,
      "mean": 233.0,
      "min": 233.0,
      "n": 1,
      "p50": 233.0,
      "p90": 233.0,
      "p95": 233.0
    },
    "nl_tokens": {
      "max": 13.0,
      "mean": 13.0,
      "min": 13.0,
      "n": 1,
      "p50": 13.0,
      "p90": 13.0,
      "p95": 13.0
    },
    "translator_total_tokens": {
      "max": 62302.0,
      "mean": 62302.0,
      "min": 62302.0,
      "n": 1,
      "p50": 62302.0,
      "p90": 62302.0,
      "p95": 62302.0
    }
  },
  "tokenizer": "tiktoken:cl100k_base"
}
